url,type,repo_path,title,title_len,meta_desc,meta_len,h1,n_h1,n_h2,n_h3,n_h4,n_h5,n_h6,hierarchy_valid,canonical,og_title,og_desc,og_image,twitter_card,html_lang,word_count,robots,datePublished,dateModified,schema_types
/404.html,legal-utility,404.html,Page Not Found | SimpleGrid,27,"The page you were looking for is not on SimpleGrid. Head back to the homepage - custom ERP for mid-market manufacturers, built at our risk and paid for after it works.",167,We couldn't find that page.,1,0,0,0,0,0,yes,https://simplegrid.ai/404.html,y,y,y,summary_large_image,en,59,"noindex, follow",,,NONE
/about.html,marketing,about.html,"About SimpleGrid - Custom ERP Built at Our Risk, Paid for After It Works",72,"SimpleGrid was built by operators who ran a $30M factory and survived two ERP failures. Now we ship the ERP we needed - built at our risk, paid for only after it works.",168,Built by operators who've been on your floor.,1,0,0,0,0,0,yes,https://simplegrid.ai/about.html,y,y,y,summary_large_image,en,113,"index, follow",,,WebPage|AboutPage|BreadcrumbList
/accessibility.html,legal-utility,accessibility.html,Accessibility Statement | SimpleGrid,36,SimpleGrid's accessibility commitment. We target WCAG 2.1 AA on the simplegrid.ai marketing site and the SimpleGrid manufacturing ERP platform.,143,Accessibility Statement,1,5,0,0,0,0,yes,https://simplegrid.ai/accessibility.html,y,y,y,n,en,465,"index, follow",,,WebPage|BreadcrumbList
/blog.html,blog-hub,blog.html,SimpleGrid Blog - Field Notes from Operators Building a Custom ERP,66,"Field notes from the team building SimpleGrid: why most ERP rollouts fail, and what changes when you build the ERP around the factory.",134,ERP for manufacturers - field notes from operators who built it.,1,19,0,0,0,0,yes,https://simplegrid.ai/blog.html,y,y,y,summary_large_image,en,550,"index, follow",,,WebPage|Blog|BreadcrumbList
/blog/dynamics-gp-sunset-switch-to-simplegrid/,blog,blog/dynamics-gp-sunset-switch-to-simplegrid/index.html,Dynamics GP Sunset: Switch to SimpleGrid | SimpleGrid Blog,58,"Microsoft Dynamics GP support ends Dec 2029, patches stop in 2031. Skip the 18-month Business Central rip-and-replace. Switch to SimpleGrid - your GP rules, regenerated as a modern ERP.",185,Dynamics GP Sunset: Switch to SimpleGrid,1,8,0,0,0,0,yes,https://simplegrid.ai/blog/dynamics-gp-sunset-switch-to-simplegrid/,y,y,y,summary_large_image,en,1263,"index, follow",2026-05-26,2026-05-26,Article|BreadcrumbList
/blog/entity-roots-the-building-blocks-of-an-sg-schema-erp/,blog,blog/entity-roots-the-building-blocks-of-an-sg-schema-erp/index.html,Entity Roots: Building Blocks of an SG Schema ERP | SimpleGrid Blog,67,"Most ERPs let records exist in isolation - orphans, broken parents, impossible states. An SG Schema does not. Every entity has a root and a boundary.",149,Entity Roots: Building Blocks of an SG Schema ERP,1,7,0,0,0,0,yes,https://simplegrid.ai/blog/entity-roots-the-building-blocks-of-an-sg-schema-erp/,y,y,y,summary_large_image,en,1242,"index, follow",2026-04-01,2026-04-01,Article|BreadcrumbList
/blog/event-sourcing-why-simplegrid-stores-everything-that-ever-happened/,blog,blog/event-sourcing-why-simplegrid-stores-everything-that-ever-happened/index.html,Event Sourcing: Why SimpleGrid Stores Every Action Forever | SimpleGrid Blog,76,Most ERPs store today's state. SimpleGrid stores every event that ever happened. Immutable. Permanent. The audit trail IS the architecture.,139,Event Sourcing: Why SimpleGrid Stores Every Action Forever,1,7,0,0,0,0,yes,https://simplegrid.ai/blog/event-sourcing-why-simplegrid-stores-everything-that-ever-happened/,y,y,y,summary_large_image,en,1158,"index, follow",2026-03-25,2026-03-25,Article|BreadcrumbList
/blog/how-ai-changed-erp-deployment-not-features-deployment/,blog,blog/how-ai-changed-erp-deployment-not-features-deployment/index.html,How AI Changed ERP Deployment (Not Features) | SimpleGrid Blog,62,Every ERP vendor adds AI features to 20-year-old architectures. What AI actually changes is deployment - from 18 months and $500K to days. Here's how.,150,How AI Changed ERP Deployment (Not Features),1,5,0,0,0,0,yes,https://simplegrid.ai/blog/how-ai-changed-erp-deployment-not-features-deployment/,y,y,y,summary_large_image,en,1023,"index, follow",2026-05-10,2026-05-10,Article|BreadcrumbList
/blog/how-simplegrid-makes-erp-customization-take-minutes-not-months/,blog,blog/how-simplegrid-makes-erp-customization-take-minutes-not-months/index.html,"ERP Customization in Minutes, Not Months | SimpleGrid Blog",58,"In most ERPs, changing a business rule is a software project. In SimpleGrid, it is a row in a table. Here is the architecture that makes that possible.",151,"ERP Customization in Minutes, Not Months",1,6,0,0,0,0,yes,https://simplegrid.ai/blog/how-simplegrid-makes-erp-customization-take-minutes-not-months/,y,y,y,summary_large_image,en,915,"index, follow",2026-04-08,2026-04-08,Article|BreadcrumbList
/blog/how-to-calculate-true-landed-cost-per-sku-and-why-most-manufacturers-cannot/,blog,blog/how-to-calculate-true-landed-cost-per-sku-and-why-most-manufacturers-cannot/index.html,True Landed Cost Per SKU (And Why Most Cannot) | SimpleGrid Blog,64,"Most manufacturers running 200+ SKUs cannot tell you which products actually make money. The data exists, scattered. Here is how to connect it.",143,True Landed Cost Per SKU (And Why Most Cannot),1,5,0,0,0,0,yes,https://simplegrid.ai/blog/how-to-calculate-true-landed-cost-per-sku-and-why-most-manufacturers-cannot/,y,y,y,summary_large_image,en,1188,"index, follow",2026-04-22,2026-04-22,Article|BreadcrumbList
/blog/how-we-built-an-erp-chatbot-with-claude-no-rag-and-full-context/,blog,blog/how-we-built-an-erp-chatbot-with-claude-no-rag-and-full-context/index.html,"Building an ERP Chatbot With Claude, No RAG | SimpleGrid Blog",61,"Most AI chatbots use RAG: chunk documents, embed, retrieve. We skipped it. Here is what we built instead, and why it works better for live operations.",150,"Building an ERP Chatbot With Claude, No RAG",1,6,0,0,0,0,yes,https://simplegrid.ai/blog/how-we-built-an-erp-chatbot-with-claude-no-rag-and-full-context/,y,y,y,summary_large_image,en,1206,"index, follow",2026-04-15,2026-04-15,Article|BreadcrumbList
/blog/inside-simplegrid-every-factory-floor-is-different-that-is-the-whole-point/,blog,blog/inside-simplegrid-every-factory-floor-is-different-that-is-the-whole-point/index.html,Inside SimpleGrid: Every Factory Is Different | SimpleGrid Blog,63,Most ERP companies start with software and look for customers who fit. We started with factories and built software that fits them. How that shapes us.,151,Inside SimpleGrid: Every Factory Is Different,1,4,0,0,0,0,yes,https://simplegrid.ai/blog/inside-simplegrid-every-factory-floor-is-different-that-is-the-whole-point/,y,y,y,summary_large_image,en,1093,"index, follow",2026-04-26,2026-04-26,Article|BreadcrumbList
/blog/module-based-erp-vs-sg-schema-erp-two-architectures-two-outcomes/,blog,blog/module-based-erp-vs-sg-schema-erp-two-architectures-two-outcomes/index.html,Module-Based ERP vs. SG Schema ERP | SimpleGrid Blog,52,Module-based ERPs hardcode workflows and charge per change. SG Schema generates the system from your operation. Two architectures. Two outcomes.,144,Module-Based ERP vs. SG Schema ERP,1,5,0,0,0,0,yes,https://simplegrid.ai/blog/module-based-erp-vs-sg-schema-erp-two-architectures-two-outcomes/,y,y,y,summary_large_image,en,955,"index, follow",2026-04-12,2026-04-12,Article|BreadcrumbList
/blog/multi-tenant-architecture-how-simplegrid-runs-100-clients-on-one-platform/,blog,blog/multi-tenant-architecture-how-simplegrid-runs-100-clients-on-one-platform/index.html,"Multi-Tenant Architecture: 100 Clients, One Platform | SimpleGrid Blog",70,"When you sign up for an ERP, there's a question nobody asks: is my data sharing a database with other companies? The answer matters more than vendors say.",154,"Multi-Tenant Architecture: 100 Clients, One Platform",1,9,0,0,0,0,yes,https://simplegrid.ai/blog/multi-tenant-architecture-how-simplegrid-runs-100-clients-on-one-platform/,y,y,y,summary_large_image,en,962,"index, follow",2026-04-05,2026-04-05,Article|BreadcrumbList
/blog/sg-schema-why-your-erp-should-speak-your-language/,blog,blog/sg-schema-why-your-erp-should-speak-your-language/index.html,SG Schema: Why Your ERP Should Speak Your Language | SimpleGrid Blog,68,"Most ERPs force your operation into someone else's modules. SG Schema captures your business in your own language - the same word can mean three different things, and the system keeps them straight.",198,SG Schema: Why Your ERP Should Speak Your Language,1,5,0,0,0,0,yes,https://simplegrid.ai/blog/sg-schema-why-your-erp-should-speak-your-language/,y,y,y,summary_large_image,en,768,"index, follow",2026-03-29,2026-03-29,Article|BreadcrumbList
/blog/the-myth-of-erp-best-practices-your-operation-is-not-generic/,blog,blog/the-myth-of-erp-best-practices-your-operation-is-not-generic/index.html,The Myth of ERP Best Practices | SimpleGrid Blog,48,"ERP ""best practices"" is just an average of 50 manufacturers' processes - then you pay to make it fit yours. 96% of manufacturers need customization.",148,The Myth of ERP Best Practices,1,4,0,0,0,0,yes,https://simplegrid.ai/blog/the-myth-of-erp-best-practices-your-operation-is-not-generic/,y,y,y,summary_large_image,en,794,"index, follow",2026-05-22,2026-05-22,Article|BreadcrumbList
/blog/the-real-cost-of-running-your-factory-on-spreadsheets/,blog,blog/the-real-cost-of-running-your-factory-on-spreadsheets/index.html,The Real Cost of Running Your Factory on Spreadsheets | SimpleGrid Blog,71,"Nobody plans to run a $10M manufacturing operation on spreadsheets. It just happens. The hidden costs - planner bottlenecks, $200K gaps - add up fast.",150,The Real Cost of Running Your Factory on Spreadsheets,1,2,0,0,0,0,yes,https://simplegrid.ai/blog/the-real-cost-of-running-your-factory-on-spreadsheets/,y,y,y,summary_large_image,en,903,"index, follow",2026-05-03,2026-05-03,Article|BreadcrumbList
/blog/what-happens-when-your-erp-cannot-keep-up-with-your-business/,blog,blog/what-happens-when-your-erp-cannot-keep-up-with-your-business/index.html,When Your ERP Cannot Keep Up With Your Business | SimpleGrid Blog,65,"Your business changes. Your ERP does not. The 5-stage decline: workarounds, spreadsheets, change orders, trust erosion. Here is the alternative.",144,When Your ERP Cannot Keep Up With Your Business,1,7,0,0,0,0,yes,https://simplegrid.ai/blog/what-happens-when-your-erp-cannot-keep-up-with-your-business/,y,y,y,summary_large_image,en,971,"index, follow",2026-05-13,2026-05-13,Article|BreadcrumbList
/blog/why-conversational-ux-does-not-change-user-behavior-and-why-that-is-the-point/,blog,blog/why-conversational-ux-does-not-change-user-behavior-and-why-that-is-the-point/index.html,Why Conversational UX Does Not Change Behavior | SimpleGrid Blog,64,Conversational UX does not change how your team behaves. It captures the behavior that already exists. Three pillars of user behavior - and why forms always lose to a sentence.,176,Why Conversational UX Does Not Change Behavior,1,5,0,0,0,0,yes,https://simplegrid.ai/blog/why-conversational-ux-does-not-change-user-behavior-and-why-that-is-the-point/,y,y,y,summary_large_image,en,940,"index, follow",2026-04-19,2026-04-19,Article|BreadcrumbList
/blog/why-mid-market-manufacturers-are-the-most-underserved-businesses-in-enterprise-software/,blog,blog/why-mid-market-manufacturers-are-the-most-underserved-businesses-in-enterprise-software/index.html,Why Mid-Market Manufacturers Are Underserved | SimpleGrid Blog,62,Too big for spreadsheets. Too small for SAP. The mid-market manufacturer has been the ERP industry's blind spot for 20 years. Here is what fixes it.,148,Why Mid-Market Manufacturers Are Underserved,1,3,0,0,0,0,yes,https://simplegrid.ai/blog/why-mid-market-manufacturers-are-the-most-underserved-businesses-in-enterprise-software/,y,y,y,summary_large_image,en,924,"index, follow",2026-04-29,2026-04-29,Article|BreadcrumbList
/blog/why-your-erp-vendor-charges-you-for-every-change-and-how-to-stop-paying/,blog,blog/why-your-erp-vendor-charges-you-for-every-change-and-how-to-stop-paying/index.html,Why Your ERP Vendor Charges You for Every Change | SimpleGrid Blog,66,"$8K-$20K per change order. $64K-$300K per year. Vendor lock-in by architecture, not contract. The fix: store rules in tables, not application code.",147,Why Your ERP Vendor Charges You for Every Change,1,4,0,0,0,0,yes,https://simplegrid.ai/blog/why-your-erp-vendor-charges-you-for-every-change-and-how-to-stop-paying/,y,y,y,summary_large_image,en,730,"index, follow",2026-05-06,2026-05-06,Article|BreadcrumbList
/blog/why-your-warehouse-manager-should-be-your-erp-s-first-user/,blog,blog/why-your-warehouse-manager-should-be-your-erp-s-first-user/index.html,Your Warehouse Manager Should Be Your ERP's First User | SimpleGrid Blog,72,Most ERPs are designed for the executive dashboard and die at the warehouse. Build for the floor first - and the dashboards take care of themselves.,148,Your Warehouse Manager Should Be Your ERP's First User,1,5,0,0,0,0,yes,https://simplegrid.ai/blog/why-your-warehouse-manager-should-be-your-erp-s-first-user/,y,y,y,summary_large_image,en,758,"index, follow",2026-05-17,2026-05-17,Article|BreadcrumbList
/case-apex.html,case-study,case-apex.html,Apex Apparel - Custom ERP Live in 12 Days | SimpleGrid,54,"Apparel manufacturer: 80-100k shirts/month, 30+ locations, 20+ job workers. Custom ERP modeled to the operation, live in 12 days.",129,"Apex Apparel - custom ERP, live in 12 days.",1,0,0,0,0,0,yes,https://simplegrid.ai/case-apex.html,y,y,y,summary_large_image,en,131,"index, follow",,,WebPage|Article|BreadcrumbList
/case-furniture-manufacturer.html,case-study,case-furniture-manufacturer.html,"Furniture Exporter - 600 Employees, ERP in 21 Days | SimpleGrid",63,"600-employee furniture exporter, 550 SKUs, component-level wood tracking, contractor settlements. Custom ERP shipped in 21 days.",128,"Furniture exporter - 600 employees, custom ERP live in 21 days.",1,0,0,0,0,0,yes,https://simplegrid.ai/case-furniture-manufacturer.html,y,y,y,summary_large_image,en,139,"index, follow",,,WebPage|Article|BreadcrumbList
/case-studies.html,case-study,case-studies.html,"Real Factories on SimpleGrid - Built at Our Risk, Kept After 30 Days",68,"Two real factories on SimpleGrid: a furniture exporter live in 21 days, an apparel manufacturer live in 12 days.",112,Real factories. Real 30-day runs.,1,0,0,0,0,0,yes,https://simplegrid.ai/case-studies.html,y,y,y,summary_large_image,en,139,"index, follow",,,WebPage|CollectionPage|BreadcrumbList
/competitors.html,competitor-hub,competitors.html,"SimpleGrid vs SAP, NetSuite, Infor, Acumatica, Odoo, Dynamics, Doss, JobBOSS² | Competitors",91,"SimpleGrid vs SAP, NetSuite, Infor, Acumatica, Odoo, Dynamics, Doss, JobBOSS² (ECi) for mid-market US manufacturers. Built around your floor.",141,Complexity demands adaptability. Enter SimpleGrid.,1,3,0,0,0,0,yes,https://simplegrid.ai/competitors.html,y,y,y,n,en,406,"index, follow",,,NONE
/competitors/acumatica/,competitor,competitors/acumatica/index.html,SimpleGrid vs Acumatica | Comparison,36,"SimpleGrid vs Acumatica for mid-market US manufacturers. Done-for-you build, live in 7-14 days, no VAR, paid only if you keep it.",129,"Custom ERP, built at our risk. You only pay Acumatica money if it works.",1,4,3,0,0,0,yes,https://simplegrid.ai/competitors/acumatica/,y,y,y,n,en,471,"index, follow",,,NONE
/competitors/doss/,competitor,competitors/doss/index.html,SimpleGrid vs Doss | Comparison,31,"SimpleGrid vs Doss for mid-market manufacturers. Full operational system of record vs an inventory/ops layer on accounting - live in 7-14 days, not 12-16 weeks.",160,Full operational system of record. Not a layer on top of accounting.,1,4,3,0,0,0,yes,https://simplegrid.ai/competitors/doss/,y,y,y,n,en,533,"index, follow",,,NONE
/competitors/dynamics-365/,competitor,competitors/dynamics-365/index.html,SimpleGrid vs Microsoft Dynamics 365 Business Central | Comparison,66,"SimpleGrid vs Microsoft Dynamics 365 Business Central. Manufacturing-native custom ERP, live in 7-14 days, paid only if you keep it.",132,"Custom ERP, built at our risk, paid for only after it works.",1,4,3,0,0,0,yes,https://simplegrid.ai/competitors/dynamics-365/,y,y,y,n,en,509,"index, follow",,,NONE
/competitors/infor/,competitor,competitors/infor/index.html,SimpleGrid vs Infor | Comparison,32,SimpleGrid vs Infor for mid-market manufacturers. Live in 7-14 days at zero deployment cost - vs an enterprise rollout measured in 9-18 months.,143,Built at our risk. Paid for only after it works.,1,4,3,0,0,0,yes,https://simplegrid.ai/competitors/infor/,y,y,y,n,en,494,"index, follow",,,NONE
/competitors/jobboss2/,competitor,competitors/jobboss2/index.html,SimpleGrid vs JobBOSS² (ECi) | Comparison,41,"SimpleGrid vs JobBOSS² (ECi) for mid-market manufacturers. Modern AI-native system built around your floor vs a legacy job shop ERP - live in 7-14 days, not 4-9 months.",168,Built around your floor. Not a 20-year-old job shop ERP with a new skin.,1,4,3,0,0,0,yes,https://simplegrid.ai/competitors/jobboss2/,y,y,y,n,en,614,"index, follow",,,NONE
/competitors/netsuite/,competitor,competitors/netsuite/index.html,SimpleGrid vs NetSuite | Comparison,35,"SimpleGrid vs NetSuite for mid-market US manufacturers. Built around your operation, live in 7-14 days, paid only if you keep it.",129,"A custom ERP, built at our risk - paid for only after it works.",1,4,3,0,0,0,yes,https://simplegrid.ai/competitors/netsuite/,y,y,y,n,en,505,"index, follow",,,NONE
/competitors/odoo/,competitor,competitors/odoo/index.html,SimpleGrid vs Odoo | Comparison,31,"SimpleGrid vs Odoo for mid-market US manufacturers. One coherent custom ERP built around your operation - live in 7-14 days, paid only if you keep it.",150,"Custom ERP, built at our risk. Paid for only after it works.",1,4,3,0,0,0,yes,https://simplegrid.ai/competitors/odoo/,y,y,y,n,en,516,"index, follow",,,NONE
/competitors/sap-business-one/,competitor,competitors/sap-business-one/index.html,SimpleGrid vs SAP Business One | Comparison,43,"SimpleGrid vs SAP Business One for mid-market US manufacturers. Custom ERP built around your operation - live in 7-14 days, paid only if you keep it.",149,"Manufacturing built around your floor, not their template.",1,4,3,0,0,0,yes,https://simplegrid.ai/competitors/sap-business-one/,y,y,y,n,en,521,"index, follow",,,NONE
/furniture-erp/,vertical-landing,furniture-erp/index.html,An ERP that actually knows furniture | SimpleGrid,49,"Custom ERP for furniture and cabinet manufacturers, built at our risk. Run it free for 30 days on your real floor; pay only if you keep it. Live in 7–14 days.",158,An ERP that actually knows furniture .,1,4,1,0,0,0,yes,https://simplegrid.ai/furniture-erp/,y,y,n,summary_large_image,en,353,"index,follow",,,NONE
/hiring.html,legal-utility,hiring.html,Careers at SimpleGrid - Build the ERP Every Operator Wished For,63,"Small team building a custom-modeled ERP for mid-market manufacturers. Engineers, operators, GTM hires welcome. Apply by email.",127,Build the ERP every operator wished for.,1,0,0,0,0,0,yes,https://simplegrid.ai/hiring.html,y,y,y,summary_large_image,en,106,"index, follow",,,WebPage|BreadcrumbList|JobPosting|JobPosting
/,marketing,index.html,"SimpleGrid - Custom ERP, Built at Our Risk. Paid for After It Works.",68,"Custom ERP for mid-market US manufacturers. We build at our risk, you run 30 days on your floor, pay only if it works. Live in 7-21 days.",137,Custom ERP. Built at our risk. Paid for after it works.,1,0,0,0,0,0,yes,https://simplegrid.ai/,y,y,y,summary_large_image,en,193,"index, follow",,,Organization|WebSite|SoftwareApplication|WebPage
/pricing.html,marketing,pricing.html,SimpleGrid Pricing - You Pay Only After It Works,48,"We carry the build cost. You run SimpleGrid 30 days on your real floor. If it doesn't move the business, you walk and we earn nothing.",134,You carry nothing until you see it run.,1,0,0,0,0,0,yes,https://simplegrid.ai/pricing.html,y,y,y,summary_large_image,en,156,"index, follow",,,WebPage|SoftwareApplication|BreadcrumbList|FAQPage
/privacy.html,legal-utility,privacy.html,Privacy Policy | SimpleGrid,27,"How SimpleGrid (Valaya AI Technologies Pvt. Ltd.) collects, uses, and protects your information across the SimpleGrid manufacturing ERP platform.",145,Privacy Policy,1,10,3,0,0,0,yes,https://simplegrid.ai/privacy.html,y,y,y,summary_large_image,en,751,"index, follow",,,WebPage|BreadcrumbList
/product.html,marketing,product.html,How SimpleGrid Works - Custom ERP Built Around Your Factory,59,Three hours with your ops head. The engine generates a working system in 7-21 days. You run 30 days on your floor before paying.,128,We don't sell software. We build a custom ERP around your factory.,1,0,0,0,0,0,yes,https://simplegrid.ai/product.html,y,y,y,summary_large_image,en,155,"index, follow",,,WebPage|SoftwareApplication|BreadcrumbList
/security.html,legal-utility,security.html,Security & Responsible Disclosure | SimpleGrid,46,"How to report a security issue in SimpleGrid (Valaya AI Technologies). Our responsible-disclosure policy, scope, and contact.",125,Security & Responsible Disclosure,1,6,0,0,0,0,yes,https://simplegrid.ai/security.html,y,y,y,n,en,336,"index, follow",,,WebPage|BreadcrumbList
/sg-schema.html,marketing,sg-schema.html,SG Schema - The Operational Blueprint Behind Every SimpleGrid Deployment,72,SG Schema: the operational blueprint AI writes from a 3-hour conversation. The engine reads it and generates a custom ERP in 7-21 days.,135,SG Schema. The operational blueprint behind every SimpleGrid deployment.,1,5,1,0,0,0,yes,https://simplegrid.ai/sg-schema.html,y,y,y,summary_large_image,en,644,"index, follow",,,WebPage|BreadcrumbList
/terms.html,legal-utility,terms.html,Terms of Service | SimpleGrid,29,The terms that govern use of the SimpleGrid manufacturing ERP platform and simplegrid.ai website.,97,Terms of Service,1,18,0,0,0,0,yes,https://simplegrid.ai/terms.html,y,y,y,summary_large_image,en,973,"index, follow",,,WebPage|BreadcrumbList
/tools/automation-roi-estimator/,tool,tools/automation-roi-estimator/index.html,Automation ROI Estimator for Manufacturers | SimpleGrid,55,"Free automation ROI calculator. What manual data work costs you, payback period if you deploy a system. PDF report.",115,Automation ROI Estimator - what manual data work actually costs.,1,3,0,0,0,0,yes,https://simplegrid.ai/tools/automation-roi-estimator/,y,y,y,n,en,267,"index, follow",,,SoftwareApplication|BreadcrumbList
/tools/bill-of-materials-template/,tool,tools/bill-of-materials-template/index.html,Free Bill of Materials (BOM) Builder for Manufacturers | SimpleGrid,67,Free browser-based bill of materials builder for US manufacturers. Multi-component BOM with per-unit costs and assembly totals. Export as CSV or PDF.,149,Free Bill of Materials Builder - per-unit cost + CSV + PDF.,1,8,1,0,0,0,yes,https://simplegrid.ai/tools/bill-of-materials-template/,y,y,y,n,en,665,"index, follow",,,SoftwareApplication|BreadcrumbList
/tools/break-even-calculator/,tool,tools/break-even-calculator/index.html,Break-Even Calculator for Manufacturers | SimpleGrid,52,"Free break-even and Cost-Volume-Profit calculator for manufacturers. Contribution margin, margin of safety, what-if scenarios. PDF export.",138,Break-Even Calculator - the foundation of every pricing + capacity decision.,1,6,0,0,0,0,yes,https://simplegrid.ai/tools/break-even-calculator/,y,y,y,n,en,462,"index, follow",,,SoftwareApplication|BreadcrumbList
/tools/burden-rate-calculator/,tool,tools/burden-rate-calculator/index.html,Labor Burden Rate Calculator for Manufacturers | SimpleGrid,59,Free fully-loaded labor cost calculator. Base + FICA + benefits + overhead per productive hour. Stop underpricing labor by 30-50%. PDF export.,142,Labor Burden Rate Calculator - what your employees actually cost.,1,9,0,0,0,0,yes,https://simplegrid.ai/tools/burden-rate-calculator/,y,y,y,n,en,477,"index, follow",,,SoftwareApplication|BreadcrumbList
/tools/business-valuation-calculator/,tool,tools/business-valuation-calculator/index.html,Manufacturing Business Valuation Calculator | SimpleGrid,56,"Free manufacturing business valuation calculator. SDE-based with vertical multiples, adjustment factors, and value unlock opportunities. PDF report.",148,Manufacturing Business Valuation - SDE-based with vertical-specific multiples.,1,7,0,0,0,0,yes,https://simplegrid.ai/tools/business-valuation-calculator/,y,y,y,n,en,634,"index, follow",,,SoftwareApplication|BreadcrumbList
/tools/capacity-planning-calculator/,tool,tools/capacity-planning-calculator/index.html,Capacity Planning Calculator (Theory of Constraints) | SimpleGrid,65,"Free capacity planning calculator. Identify your bottleneck, calculate system capacity, forecast when growth hits your limit. PDF report.",137,Capacity Planning Calculator - find your bottleneck before it finds you.,1,4,0,0,0,0,yes,https://simplegrid.ai/tools/capacity-planning-calculator/,y,y,y,n,en,278,"index, follow",,,SoftwareApplication|BreadcrumbList
/tools/cost-of-poor-quality/,tool,tools/cost-of-poor-quality/index.html,Cost of Poor Quality (COPQ) Calculator | SimpleGrid,51,Free COPQ calculator with iceberg visualization. Visible scrap + rework + hidden inspection + expedite + lost sales. PDF report.,128,Cost of Poor Quality - the iceberg view.,1,4,0,0,0,0,yes,https://simplegrid.ai/tools/cost-of-poor-quality/,y,y,y,n,en,310,"index, follow",,,SoftwareApplication|BreadcrumbList
/tools/customer-concentration-risk/,tool,tools/customer-concentration-risk/index.html,Customer Concentration Risk Calculator | SimpleGrid,51,"Free customer concentration risk calculator. HHI score, top customer/top 3/top 5 share, valuation impact, scenario analysis. PDF export.",136,Customer Concentration Risk - the silent valuation killer.,1,3,0,0,0,0,yes,https://simplegrid.ai/tools/customer-concentration-risk/,y,y,y,n,en,261,"index, follow",,,SoftwareApplication|BreadcrumbList
/tools/digital-maturity-assessment/,tool,tools/digital-maturity-assessment/index.html,Digital Maturity Assessment for Manufacturers (SIRI) | SimpleGrid,65,"Free 24-question digital maturity assessment for manufacturers. 8 dimensions, Industry 2.0 to 4.0 scoring. Based on Singapore SIRI. PDF report.",143,Digital Maturity Assessment - where are you on Industry 4.0?,1,2,0,0,0,0,yes,https://simplegrid.ai/tools/digital-maturity-assessment/,y,y,y,n,en,742,"index, follow",,,SoftwareApplication|BreadcrumbList
/tools/downtime-cost-calculator/,tool,tools/downtime-cost-calculator/index.html,Machine Downtime Cost Calculator for Manufacturers | SimpleGrid,63,Free machine downtime cost calculator. Lost revenue + OT + expedite + late penalties. Improvement scenarios with $ saving estimates. PDF export.,144,Machine Downtime Cost Calculator - the hidden tax on your operation.,1,7,0,0,0,0,yes,https://simplegrid.ai/tools/downtime-cost-calculator/,y,y,y,n,en,498,"index, follow",,,SoftwareApplication|BreadcrumbList
/tools/ebitda-calculator/,tool,tools/ebitda-calculator/index.html,EBITDA & SDE Calculator for Manufacturers | SimpleGrid,54,Free EBITDA and SDE calculator for US manufacturers. Step-by-step walkthrough with owner add-backs. Valuation range estimate. PDF export.,137,EBITDA & SDE Calculator - the bottom line buyers actually look at.,1,8,0,0,0,0,yes,https://simplegrid.ai/tools/ebitda-calculator/,y,y,y,n,en,553,"index, follow",,,SoftwareApplication|BreadcrumbList|FAQPage
/tools/erp-needs-assessment/,tool,tools/erp-needs-assessment/index.html,Do I Need an ERP? Free Diagnostic for Manufacturers | SimpleGrid,64,Free 8-question ERP needs assessment for US manufacturers. Quantifies the annual cost of operating without a system. PDF report with peer comparison.,149,"Do I Need an ERP? - 8 questions, 3 minutes, a real number.",1,10,0,0,0,0,yes,https://simplegrid.ai/tools/erp-needs-assessment/,y,y,y,n,en,1291,"index, follow",,,SoftwareApplication|BreadcrumbList
/tools/erp-readiness-scorecard/,tool,tools/erp-readiness-scorecard/index.html,ERP Readiness Scorecard for Manufacturers | SimpleGrid,54,"Free 20-question ERP readiness diagnostic. 5 dimensions (Process, Data, Organization, Tech, Change Capacity). McKinsey + Panorama methodology. PDF report.",154,ERP Readiness Scorecard - diagnose before you evaluate.,1,4,0,0,0,0,yes,https://simplegrid.ai/tools/erp-readiness-scorecard/,y,y,y,n,en,692,"index, follow",,,SoftwareApplication|BreadcrumbList
/tools/exit-readiness-scorecard/,tool,tools/exit-readiness-scorecard/index.html,Exit Readiness Scorecard for Manufacturing Owners | SimpleGrid,62,"Free 20-question exit readiness scorecard. 5 pillars (Financial, Customer, Operations, Management, Legal). 12-month preparation roadmap. PDF report.",148,Exit Readiness Scorecard - what stops a sale from closing.,1,2,0,0,0,0,yes,https://simplegrid.ai/tools/exit-readiness-scorecard/,y,y,y,n,en,635,"index, follow",,,SoftwareApplication|BreadcrumbList
/tools/expansion-roi-calculator/,tool,tools/expansion-roi-calculator/index.html,New Product Line / Expansion ROI Calculator | SimpleGrid,56,"Free expansion ROI calculator with NPV, IRR, and payback. 5-year cash flow projection with sensitivity analysis. PDF report.",124,Expansion ROI Calculator - the GO/NO-GO test for the next big bet.,1,5,0,0,0,0,yes,https://simplegrid.ai/tools/expansion-roi-calculator/,y,y,y,n,en,277,"index, follow",,,SoftwareApplication|BreadcrumbList
/tools/hire-vs-overtime/,tool,tools/hire-vs-overtime/index.html,Hire vs Overtime Calculator for Manufacturers | SimpleGrid,58,"Free hire vs OT calculator. Compares total cost, break-even months, and expected value of hiring vs continuing overtime. PDF report.",132,Hire vs Overtime - the math behind the decision.,1,4,0,0,0,0,yes,https://simplegrid.ai/tools/hire-vs-overtime/,y,y,y,n,en,283,"index, follow",,,SoftwareApplication|BreadcrumbList
/tools/,tool-index,tools/index.html,35 Productive Tools for Manufacturers | SimpleGrid,50,"35 free browser-based tools for US manufacturers: PO, invoice, quote, BOM, OEE, job cost, EBITDA, KPI benchmarks, ERP readiness, and more. No signup.",149,Productive tools for mid-market US manufacturers.,1,6,39,0,0,0,yes,https://simplegrid.ai/tools/,y,y,y,n,en,2006,"index, follow",,,CollectionPage|BreadcrumbList
/tools/insurance-coverage-checklist/,tool,tools/insurance-coverage-checklist/index.html,Insurance Coverage Adequacy Checklist | SimpleGrid,50,"Free 18-item insurance coverage checklist for manufacturers. Property, BI, GL, product liability, workers comp, cyber, auto, umbrella. PDF report.",146,Insurance Coverage Adequacy - what your broker should have covered.,1,2,0,0,0,0,yes,https://simplegrid.ai/tools/insurance-coverage-checklist/,y,y,y,n,en,572,"index, follow",,,SoftwareApplication|BreadcrumbList
/tools/invoice-generator/,tool,tools/invoice-generator/index.html,Free Invoice Generator for Manufacturers - PDF Download | SimpleGrid,68,"Free browser-based invoice generator for US manufacturers. Fill in customer + line items, download branded PDF invoice. Saves customers locally. No signup.",155,Free Invoice Generator - Branded PDF in 30 seconds.,1,11,1,0,0,0,yes,https://simplegrid.ai/tools/invoice-generator/,y,y,y,n,en,663,"index, follow",,,SoftwareApplication|BreadcrumbList|FAQPage
/tools/iso-9001-readiness/,tool,tools/iso-9001-readiness/index.html,ISO 9001 Readiness Assessment for Manufacturers | SimpleGrid,60,"Free 28-question ISO 9001 readiness assessment. 7 clauses, scored 0-100, gap analysis per clause. Based on ISO 9001:2015. PDF report.",133,ISO 9001 Readiness - clause-by-clause gap analysis.,1,2,0,0,0,0,yes,https://simplegrid.ai/tools/iso-9001-readiness/,y,y,y,n,en,740,"index, follow",,,SoftwareApplication|BreadcrumbList
/tools/job-cost-calculator/,tool,tools/job-cost-calculator/index.html,Free Job Cost Calculator for Manufacturers - Margin + Break-Even | SimpleGrid,77,"Free job cost calculator for US manufacturers. Materials + labor + machine + overhead = true job cost. See margin at your selling price, or get a suggested price for your target margin.",185,Free Job Cost Calculator - true cost + margin + suggested price.,1,12,2,0,0,0,yes,https://simplegrid.ai/tools/job-cost-calculator/,y,y,y,n,en,820,"index, follow",,,SoftwareApplication|BreadcrumbList|FAQPage
/tools/lease-vs-buy-equipment/,tool,tools/lease-vs-buy-equipment/index.html,Equipment Lease vs Buy Calculator | SimpleGrid,46,"Free equipment lease vs buy NPV calculator with tax adjustments (Section 179, depreciation). Side-by-side decision factors. PDF report.",135,Equipment Lease vs Buy - NPV with tax adjustments.,1,3,0,0,0,0,yes,https://simplegrid.ai/tools/lease-vs-buy-equipment/,y,y,y,n,en,267,"index, follow",,,SoftwareApplication|BreadcrumbList
/tools/make-vs-buy-calculator/,tool,tools/make-vs-buy-calculator/index.html,Make vs Buy Calculator for Manufacturers | SimpleGrid,53,"Free make vs buy calculator with strategic factors. Compares full unit economics including setup, defects, and strategic fit. PDF report.",137,Make vs Buy Calculator - cost + strategic factors in one decision.,1,6,0,0,0,0,yes,https://simplegrid.ai/tools/make-vs-buy-calculator/,y,y,y,n,en,333,"index, follow",,,SoftwareApplication|BreadcrumbList
/tools/manufacturing-kpi-benchmark/,tool,tools/manufacturing-kpi-benchmark/index.html,Manufacturing KPI Benchmark Tool | SimpleGrid,45,"Free 5-KPI manufacturing benchmark. On-time delivery, scrap, turns, margin, revenue/employee. Composite score + $ opportunity. PDF export.",138,"Manufacturing KPI Benchmark - 5 essential metrics, scored vs industry.",1,5,0,0,0,0,yes,https://simplegrid.ai/tools/manufacturing-kpi-benchmark/,y,y,y,n,en,345,"index, follow",,,SoftwareApplication|BreadcrumbList
/tools/markup-vs-margin/,tool,tools/markup-vs-margin/index.html,Markup vs Margin Calculator for Manufacturers | SimpleGrid,58,"Free markup vs margin calculator for manufacturers. A 50% markup is NOT a 50% margin - it's 33%. Calculate price, margin, markup correctly. PDF export.",151,Markup vs Margin Calculator - stop the pricing error that costs you 5-15%.,1,10,0,0,0,0,yes,https://simplegrid.ai/tools/markup-vs-margin/,y,y,y,n,en,727,"index, follow",,,SoftwareApplication|BreadcrumbList|FAQPage
/tools/oee-calculator/,tool,tools/oee-calculator/index.html,OEE Calculator (Overall Equipment Effectiveness) | SimpleGrid,61,Free OEE calculator for manufacturers. Availability x Performance x Quality. Top-decile 85%. Find the biggest production loss with $ impact. PDF export.,152,OEE Calculator - what your equipment actually produces vs what it could.,1,6,0,0,0,0,yes,https://simplegrid.ai/tools/oee-calculator/,y,y,y,n,en,499,"index, follow",,,SoftwareApplication|BreadcrumbList
/tools/operations-health-score/,tool,tools/operations-health-score/index.html,Manufacturing Operations Health Score | SimpleGrid,50,"Free composite manufacturing operations health score. 5 dimensions, ~15 inputs, 10 minutes. McKinsey OHI methodology adapted for mid-market manufacturing. PDF report.",166,Manufacturing Operations Health Score - one number for your whole operation.,1,7,0,0,0,0,yes,https://simplegrid.ai/tools/operations-health-score/,y,y,y,n,en,344,"index, follow",,,SoftwareApplication|BreadcrumbList
/tools/osha-compliance-checklist/,tool,tools/osha-compliance-checklist/index.html,OSHA Compliance Self-Audit Checklist | SimpleGrid,49,"Free 25-item OSHA self-audit checklist for manufacturers. Compliance score, critical gaps, penalty exposure estimate. Based on 29 CFR 1910. PDF report.",151,"OSHA Compliance Self-Audit - 25 essentials, real penalty exposure.",1,2,0,0,0,0,yes,https://simplegrid.ai/tools/osha-compliance-checklist/,y,y,y,n,en,744,"index, follow",,,SoftwareApplication|BreadcrumbList
/tools/production-schedule-template/,tool,tools/production-schedule-template/index.html,Free Production Schedule Template (Gantt) for Manufacturers | SimpleGrid,72,"Free browser-based production schedule template with a Gantt chart for US manufacturers. Add jobs, dates, status. Print-ready and CSV export.",141,Free Production Schedule (Gantt) for Manufacturers.,1,8,1,0,0,0,yes,https://simplegrid.ai/tools/production-schedule-template/,y,y,y,n,en,513,"index, follow",,,SoftwareApplication|BreadcrumbList
/tools/purchase-order-generator/,tool,tools/purchase-order-generator/index.html,Free Purchase Order Generator - PDF Download in 30 Seconds | SimpleGrid,71,"Free browser-based purchase order generator for US manufacturers. Fill in vendor and line items, download a branded PDF PO. Saves vendors locally. No signup.",157,Free Purchase Order Generator - PDF in 30 seconds.,1,11,1,0,0,0,yes,https://simplegrid.ai/tools/purchase-order-generator/,y,y,y,summary_large_image,en,949,"index, follow",,,SoftwareApplication|BreadcrumbList|FAQPage
/tools/quality-inspection-checklist/,tool,tools/quality-inspection-checklist/index.html,Free Quality Inspection Checklist Generator for Manufacturers | SimpleGrid,74,"Free browser-based quality inspection checklist generator for US manufacturers. Per-batch QC with pass/fail, criterion, actual reading, and signed PDF report.",158,Free Quality Inspection Checklist Generator.,1,8,1,0,0,0,yes,https://simplegrid.ai/tools/quality-inspection-checklist/,y,y,y,n,en,475,"index, follow",,,SoftwareApplication|BreadcrumbList
/tools/quote-generator/,tool,tools/quote-generator/index.html,Free Quote / Estimate Generator for Manufacturers | SimpleGrid,62,"Free browser-based quote and estimate generator for US manufacturers. Validity date, optional discount, signature line. Branded PDF download. No signup.",152,Free Quote / Estimate Generator.,1,10,1,0,0,0,yes,https://simplegrid.ai/tools/quote-generator/,y,y,y,n,en,557,"index, follow",,,SoftwareApplication|BreadcrumbList
/tools/reorder-point-calculator/,tool,tools/reorder-point-calculator/index.html,Inventory Reorder Point + EOQ Calculator | SimpleGrid,53,Free reorder point and economic order quantity calculator for manufacturers. APICS methodology. Safety stock with service level. PDF export.,140,"Reorder Point + EOQ Calculator - never run out, never tie up cash.",1,4,0,0,0,0,yes,https://simplegrid.ai/tools/reorder-point-calculator/,y,y,y,n,en,296,"index, follow",,,SoftwareApplication|BreadcrumbList
/tools/revenue-per-employee/,tool,tools/revenue-per-employee/index.html,Revenue per Employee Benchmark for Manufacturers | SimpleGrid,61,Free revenue per employee benchmark for US manufacturers. Compare your operational efficiency to industry medians and top quartile across 11 verticals. PDF export.,163,Revenue per Employee Benchmark - where do you rank?,1,6,0,0,0,0,yes,https://simplegrid.ai/tools/revenue-per-employee/,y,y,y,n,en,570,"index, follow",,,SoftwareApplication|BreadcrumbList
/tools/scrap-waste-calculator/,tool,tools/scrap-waste-calculator/index.html,Scrap & Waste Cost Calculator for Manufacturers | SimpleGrid,60,Free scrap and rework cost calculator for US manufacturers. Material + labor + overhead waste. Shows true margin after waste. Benchmarks + reduction scenarios.,159,Scrap & Waste Cost Calculator - what defects actually cost you.,1,7,0,0,0,0,yes,https://simplegrid.ai/tools/scrap-waste-calculator/,y,y,y,n,en,587,"index, follow",,,SoftwareApplication|BreadcrumbList
/tools/sde-calculator/,tool,tools/sde-calculator/index.html,Seller's Discretionary Earnings (SDE) Walkthrough | SimpleGrid,62,Free 16-step SDE calculator for mid-market manufacturers. IBBA-standard methodology with warning flags for aggressive add-backs. PDF report.,140,SDE Walkthrough - what a buyer actually takes home.,1,6,0,0,0,0,yes,https://simplegrid.ai/tools/sde-calculator/,y,y,y,n,en,354,"index, follow",,,SoftwareApplication|BreadcrumbList
